date,resort algarve,algarve hotel,algarve tourism,algarve vacation
2013-08-23,0,79,0,0
2013-08-24,0,75,0,0
2013-08-25,0,74,0,0
2013-08-26,0,68,0,0
2013-08-27,0,100,0,0
2013-08-28,0,53,0,0
2013-08-29,0,51,0,0
2013-08-30,0,63,0,0
2013-08-31,0,0,0,0
2013-09-01,0,0,0,0
2013-09-02,31,63,0,0
2013-09-03,0,55,0,0
2013-09-04,0,54,0,0
2013-09-05,0,53,0,0
2013-09-06,0,69,0,0
2013-09-07,0,0,0,0
2013-09-08,0,45,0,0
2013-09-09,0,37,0,0
2013-09-10,0,48,0,0
2013-09-11,0,33,0,0
2013-09-12,0,31,0,0
2013-09-13,0,0,0,0
2013-09-14,0,0,0,0
2013-09-15,0,0,0,0
2013-09-16,0,46,0,0
2013-09-17,0,46,0,0
2013-09-18,0,0,0,0
2013-09-19,0,0,0,0
2013-09-20,0,47,0,0
2013-09-21,0,0,0,0
2013-09-22,0,0,0,0
2013-09-23,0,0,0,0
2013-09-24,0,29,0,0
2013-09-25,0,30,0,0
2013-09-26,0,32,0,0
2013-09-27,0,0,0,0
2013-09-28,0,41,0,0
2013-09-29,0,0,0,0
2013-09-30,0,0,0,0
2013-10-01,0,0,0,0
2013-10-02,0,0,0,0
2013-10-03,0,0,0,0
2013-10-04,0,30,0,0
2013-10-05,0,0,0,0
2013-10-06,0,0,0,0
2013-10-07,0,0,0,0
2013-10-08,0,0,0,0
2013-10-09,0,0,0,0
2013-10-10,0,0,0,0
2013-10-11,0,0,0,0
2013-10-12,0,0,0,0
2013-10-13,0,0,0,0
2013-10-14,0,34,0,0
2013-10-15,0,0,0,0
2013-10-16,0,0,0,0
2013-10-17,0,0,0,0
2013-10-18,0,0,0,0
2013-10-19,0,0,0,0
2013-10-20,0,0,0,0
2013-10-21,0,0,0,0
2013-10-22,0,0,0,0
2013-10-23,0,0,0,0
2013-10-24,0,0,0,0
2013-10-25,0,100,0,0
2013-10-26,0,0,0,0
2013-10-27,0,0,0,0
2013-10-28,0,0,0,0
2013-10-29,0,0,0,0
2013-10-30,0,0,0,0
2013-10-31,0,0,0,0
2013-11-01,0,0,0,0
2013-11-02,0,0,0,0
2013-11-03,0,0,0,0
2013-11-04,0,0,0,0
2013-11-05,0,0,0,0
2013-11-06,0,0,0,0
2013-11-07,0,0,0,0
2013-11-08,0,0,0,84
2013-11-09,0,0,0,0
2013-11-10,0,0,0,94
2013-11-11,0,0,0,0
2013-11-12,0,0,0,0
2013-11-13,0,0,0,0
2013-11-14,0,0,0,0
2013-11-15,0,0,0,0
2013-11-16,0,0,0,0
2013-11-17,0,0,0,0
2013-11-18,0,0,0,0
2013-11-19,0,0,0,0
2013-11-20,0,0,0,0
2013-11-21,0,0,0,0
2013-11-22,0,0,0,0
2013-11-23,0,0,0,0
2013-11-24,0,0,0,0
2013-11-25,0,0,0,0
2013-11-26,0,0,0,88
2013-11-27,0,0,0,0
2013-11-28,0,0,0,0
2013-11-29,0,0,0,0
2013-11-30,0,0,0,0
2013-12-01,0,0,0,0
2013-12-02,0,0,0,0
2013-12-03,0,0,0,0
2013-12-04,0,0,0,0
2013-12-05,0,0,0,0
2013-12-06,0,0,0,0
2013-12-07,0,0,0,0
2013-12-08,0,0,0,0
2013-12-09,0,0,0,0
2013-12-10,0,0,0,0
2013-12-11,0,0,0,0
2013-12-12,0,0,0,0
2013-12-13,0,0,0,0
2013-12-14,0,0,0,0
2013-12-15,0,0,0,0
2013-12-16,0,0,0,0
2013-12-17,0,0,0,0
2013-12-18,0,0,0,0
2013-12-19,0,0,0,0
2013-12-20,0,0,0,0
2013-12-21,0,0,0,0
2013-12-22,0,0,0,0
2013-12-23,0,0,0,0
2013-12-24,0,0,0,0
2013-12-25,0,0,0,0
2013-12-26,0,0,0,0
2013-12-27,0,0,0,0
2013-12-28,0,0,0,0
2013-12-29,0,0,0,0
2013-12-30,0,0,0,0
2013-12-31,0,0,0,0
2014-01-01,0,0,0,0
2014-01-02,0,0,0,0
2014-01-03,0,74,0,0
2014-01-04,0,0,0,0
2014-01-05,0,0,0,0
2014-01-06,0,0,0,0
2014-01-07,0,82,0,0
2014-01-08,0,0,0,0
2014-01-09,0,0,0,0
2014-01-10,0,0,0,0
2014-01-11,0,0,0,0
2014-01-12,0,0,0,0
2014-01-13,0,64,0,0
2014-01-14,0,0,0,0
2014-01-15,0,0,0,0
2014-01-16,0,0,0,0
2014-01-17,0,0,0,0
2014-01-18,0,0,0,0
2014-01-19,0,0,0,0
2014-01-20,0,0,0,0
2014-01-21,0,94,0,0
2014-01-22,0,0,0,0
2014-01-23,0,75,0,0
2014-01-24,0,0,0,0
2014-01-25,0,0,0,0
2014-01-26,0,0,0,0
2014-01-27,0,0,0,0
2014-01-28,0,0,0,0
2014-01-29,0,0,0,0
2014-01-30,0,0,0,0
2014-01-31,0,72,0,0
2014-02-01,0,76,0,0
2014-02-02,0,0,0,0
2014-02-03,0,0,0,0
2014-02-04,0,0,0,0
2014-02-05,0,80,0,0
2014-02-06,0,0,0,0
2014-02-07,0,83,0,0
2014-02-08,0,0,0,0
2014-02-09,0,0,0,0
2014-02-10,0,64,0,0
2014-02-11,0,72,0,0
2014-02-12,0,0,0,0
2014-02-13,0,68,0,0
2014-02-14,0,100,0,0
2014-02-15,0,0,0,0
2014-02-16,0,0,0,0
2014-02-17,0,85,0,0
2014-02-18,67,91,0,0
2014-02-19,0,91,0,0
2014-02-20,0,0,0,0
2014-02-21,0,82,0,0
2014-02-22,0,48,0,0
2014-02-23,0,47,0,0
2014-02-24,0,0,0,0
2014-02-25,0,42,0,0
2014-02-26,0,0,0,0
2014-02-27,0,41,0,0
2014-02-28,0,0,0,0
2014-03-01,0,0,0,0
2014-03-02,0,0,0,0
2014-03-03,0,0,0,0
2014-03-04,0,47,0,0
2014-03-05,0,43,0,0
2014-03-06,0,39,0,0
2014-03-07,0,69,0,0
2014-03-08,0,0,0,0
2014-03-09,0,56,0,0
2014-03-10,0,48,0,0
2014-03-11,0,36,0,0
2014-03-12,0,48,0,0
2014-03-13,0,58,0,0
2014-03-14,0,66,0,0
2014-03-15,0,52,0,0
2014-03-16,0,61,0,0
2014-03-17,0,57,0,0
2014-03-18,0,58,0,0
2014-03-19,0,44,0,0
2014-03-20,0,57,0,0
2014-03-21,0,57,0,0
2014-03-22,0,45,0,0
2014-03-23,0,0,0,0
2014-03-24,0,68,0,0
2014-03-25,0,62,0,0
2014-03-26,0,0,0,0
2014-03-27,0,48,0,0
2014-03-28,0,0,0,0
2014-03-29,0,68,0,0
2014-03-30,0,70,0,0
2014-03-31,40,55,0,42
2014-04-01,0,62,0,0
2014-04-02,0,50,0,0
2014-04-03,0,45,0,0
2014-04-04,0,68,0,0
2014-04-05,0,61,0,0
2014-04-06,0,48,0,0
2014-04-07,0,72,0,0
2014-04-08,0,63,0,0
2014-04-09,0,69,0,0
2014-04-10,0,86,0,0
2014-04-11,0,68,0,0
2014-04-12,0,71,0,0
2014-04-13,0,0,0,0
2014-04-14,0,100,0,0
2014-04-15,0,99,0,0
2014-04-16,0,48,0,0
2014-04-17,0,81,0,0
2014-04-18,0,0,0,0
2014-04-19,0,77,0,0
2014-04-20,0,91,0,0
2014-04-21,0,67,0,0
2014-04-22,0,52,0,0
2014-04-23,0,98,0,0
2014-06-24,0,35,0,0
2014-06-25,0,36,0,0
2014-06-26,0,37,0,0
2014-06-27,0,44,0,0
2014-06-28,0,44,0,0
2014-06-29,0,43,0,0
2014-06-30,0,37,0,0
2014-07-01,0,33,0,0
2014-07-02,0,41,0,0
2014-07-03,15,31,0,0
2014-07-04,0,37,0,0
2014-07-05,0,36,0,0
2014-07-06,0,44,0,0
2014-07-07,0,53,0,0
2014-07-08,0,49,0,0
2014-07-09,0,33,0,0
2014-07-10,0,43,0,0
2014-07-11,0,28,0,0
2014-07-12,0,32,0,0
2014-07-13,0,26,0,0
2014-07-14,0,42,0,0
2014-07-15,0,43,0,0
2014-07-16,0,44,0,0
2014-07-17,0,51,0,0
2014-07-18,0,36,0,0
2014-07-19,0,44,0,0
2014-07-20,0,65,0,0
2014-07-21,0,56,0,0
2014-07-22,18,43,0,0
2014-07-23,0,42,0,0
2014-07-24,0,52,0,0
2014-07-25,0,49,0,0
2014-07-26,0,55,0,0
2014-07-27,0,100,0,0
2014-07-28,0,82,0,0
2014-07-29,0,49,0,0
2014-07-30,0,49,0,0
2014-07-31,0,49,0,0
2014-08-01,0,50,0,0
2014-08-02,0,42,0,0
2014-08-03,0,84,0,0
2014-08-04,0,59,0,0
2014-08-05,0,57,0,0
2014-08-06,0,65,0,0
2014-08-07,0,79,0,0
2014-08-08,18,58,0,0
2014-08-09,0,67,0,0
2014-08-10,0,61,0,0
2014-08-11,0,42,0,0
2014-08-12,0,59,0,0
2014-08-13,16,42,0,0
2014-08-14,0,63,0,0
2014-08-15,0,53,0,0
2014-08-16,0,55,0,0
2014-08-17,0,71,0,0
2014-08-18,0,53,0,0
2014-08-19,0,52,0,0
2014-08-20,22,46,0,0
2014-08-21,0,46,0,0
2014-08-22,0,29,0,0
2014-08-23,20,28,0,0
2014-10-24,0,0,0,0
2014-10-25,0,89,0,0
2014-10-26,0,0,0,0
2014-10-27,0,0,0,0
2014-10-28,0,0,0,0
2014-10-29,0,0,0,0
2014-10-30,0,0,0,0
2014-10-31,0,0,0,0
2014-11-01,0,0,0,0
2014-11-02,0,0,0,0
2014-11-03,0,0,0,0
2014-11-04,0,0,0,0
2014-11-05,0,0,0,0
2014-11-06,0,0,0,0
2014-11-07,0,0,0,0
2014-11-08,0,0,0,0
2014-11-09,0,0,0,0
2014-11-10,0,62,0,0
2014-11-11,0,65,0,0
2014-11-12,0,0,0,0
2014-11-13,0,0,0,0
2014-11-14,0,0,0,0
2014-11-15,0,0,0,0
2014-11-16,0,0,0,0
2014-11-17,0,0,0,0
2014-11-18,0,100,0,0
2014-11-19,0,0,0,0
2014-11-20,0,0,0,0
2014-11-21,0,0,0,0
2014-11-22,0,0,0,0
2014-11-23,0,0,0,0
2014-11-24,0,0,0,0
2014-11-25,0,0,0,0
2014-11-26,0,0,0,0
2014-11-27,0,0,0,0
2014-11-28,0,0,0,0
2014-11-29,0,0,0,0
2014-11-30,0,0,0,0
2014-12-01,0,0,76,0
2014-12-02,0,0,0,0
2014-12-03,0,0,0,0
2014-12-04,0,0,0,0
2014-12-05,0,0,0,0
2014-12-06,0,0,0,0
2014-12-07,0,0,0,0
2014-12-08,0,0,0,0
2014-12-09,0,0,0,0
2014-12-10,0,0,0,0
2014-12-11,0,0,0,0
2014-12-12,0,0,0,0
2014-12-13,0,0,0,0
2014-12-14,0,0,0,0
2014-12-15,0,0,0,0
2014-12-16,0,0,0,0
2014-12-17,0,0,0,0
2014-12-18,0,0,0,0
2014-12-19,0,0,0,0
2014-12-20,0,0,0,0
2014-12-21,0,0,0,0
2014-12-22,0,0,0,0
2014-12-23,0,0,0,0
2014-12-24,0,0,0,0
2014-12-25,0,0,0,0
2014-12-26,0,0,0,0
2014-12-27,0,0,0,0
2014-12-28,0,100,0,0
2014-12-29,0,0,0,0
2014-12-30,0,0,0,0
2014-12-31,0,0,0,0
2015-01-01,0,0,0,0
2015-01-02,0,0,0,0
2015-01-03,0,0,0,0
2015-01-04,0,0,0,0
2015-01-05,0,0,0,0
2015-01-06,0,0,0,0
2015-01-07,0,0,0,0
2015-01-08,0,0,0,0
2015-01-09,0,87,0,0
2015-01-10,0,0,0,0
2015-01-11,0,63,0,0
2015-01-12,0,0,0,0
2015-01-13,0,0,0,0
2015-01-14,0,0,0,0
2015-01-15,0,0,0,0
2015-01-16,0,0,0,0
2015-01-17,0,100,0,0
2015-01-18,0,0,0,0
2015-01-19,0,0,0,0
2015-01-20,0,69,0,0
2015-01-21,0,0,0,0
2015-01-22,0,53,0,0
2015-01-23,0,0,0,0
2015-01-24,0,0,0,0
2015-01-25,0,0,0,0
2015-01-26,0,49,0,0
2015-01-27,0,50,0,0
2015-01-28,0,0,0,0
2015-01-29,0,0,0,0
2015-01-30,0,0,0,0
2015-01-31,0,0,0,0
2015-02-01,0,0,0,0
2015-02-02,0,74,0,0
2015-02-03,0,0,0,0
2015-02-04,0,0,0,0
2015-02-05,0,0,0,0
2015-02-06,0,0,0,0
2015-02-07,0,0,0,0
2015-02-08,0,0,0,0
2015-02-09,0,0,0,0
2015-02-10,0,59,0,0
2015-02-11,0,60,0,0
2015-02-12,0,0,0,0
2015-02-13,0,60,0,0
2015-02-14,0,0,0,0
2015-02-15,0,68,0,0
2015-02-16,0,0,0,0
2015-02-17,0,0,0,0
2015-02-18,0,59,0,0
2015-02-19,0,55,0,0
2015-02-20,0,0,0,0
2015-02-21,0,70,0,0
2015-02-22,0,68,0,0
2015-02-23,48,0,0,0
2015-02-24,0,59,0,0
2015-02-25,0,0,0,0
2015-02-26,0,49,0,0
2015-02-27,0,0,0,0
2015-02-28,0,57,0,0
2015-03-01,0,0,0,0
2015-03-02,0,50,0,0
2015-03-03,0,50,0,0
2015-03-04,0,59,0,0
2015-03-05,0,0,0,0
2015-03-06,0,0,0,0
2015-03-07,0,0,0,0
2015-03-08,0,54,0,0
2015-03-09,0,41,0,0
2015-03-10,0,0,0,0
2015-03-11,0,62,0,0
2015-03-12,55,68,0,0
2015-03-13,0,0,0,0
2015-03-14,0,70,0,0
2015-03-15,0,59,0,0
2015-03-16,0,77,0,0
2015-03-17,0,65,0,0
2015-03-18,0,62,0,0
2015-03-19,0,74,0,0
2015-03-20,0,59,0,0
2015-03-21,0,69,0,0
2015-03-22,0,61,0,0
2015-03-23,0,56,0,0
2015-03-24,0,68,0,0
2015-03-25,0,80,0,0
2015-03-26,0,73,0,0
2015-03-27,0,71,0,0
2015-03-28,0,0,0,0
2015-03-29,0,81,0,0
2015-03-30,0,81,0,0
2015-03-31,0,53,0,0
2015-04-01,41,58,0,0
2015-04-02,0,0,0,0
2015-04-03,0,70,0,0
2015-04-04,0,60,0,0
2015-04-05,0,64,0,0
2015-04-06,51,61,0,0
2015-04-07,0,79,0,0
2015-04-08,0,68,0,0
2015-04-09,0,71,0,0
2015-04-10,0,65,0,0
2015-04-11,0,60,0,0
2015-04-12,0,73,0,0
2015-04-13,0,87,0,0
2015-04-14,0,46,0,0
2015-04-15,0,64,0,0
2015-04-16,0,59,0,0
2015-04-17,0,85,0,0
2015-04-18,0,61,0,0
2015-04-19,0,87,0,0
2015-04-20,0,0,0,0
2015-04-21,0,71,0,0
2015-04-22,0,90,0,0
2015-04-23,0,100,0,0
2015-04-24,0,64,0,0
2015-04-25,0,47,0,0
2015-04-26,0,33,0,0
2015-04-27,0,56,0,0
2015-04-28,0,33,0,0
2015-04-29,0,52,0,0
2015-04-30,0,41,0,0
2015-05-01,0,46,0,0
2015-05-02,0,51,0,0
2015-05-03,0,32,0,0
2015-05-04,0,29,0,0
2015-05-05,26,37,0,0
2015-05-06,0,0,0,0
2015-05-07,0,57,0,0
2015-05-08,0,55,0,0
2015-05-09,0,53,0,0
2015-05-10,0,51,0,0
2015-05-11,0,36,0,0
2015-05-12,37,51,0,0
2015-05-13,0,44,0,0
2015-05-14,0,68,0,0
2015-05-15,0,59,0,0
2015-05-16,0,83,0,0
2015-05-17,0,81,0,0
2015-05-18,0,75,0,0
2015-05-19,0,48,0,0
2015-05-20,0,39,0,0
2015-05-21,0,54,0,0
2015-05-22,0,53,0,0
2015-05-23,0,55,0,0
2015-05-24,0,43,0,0
2015-05-25,0,54,0,0
2015-05-26,0,58,0,0
2015-05-27,0,54,0,0
2015-05-28,43,49,0,0
2015-05-29,0,72,0,0
2015-05-30,0,47,0,40
2015-05-31,0,56,0,0
2015-06-01,0,64,0,0
2015-06-02,0,68,0,0
2015-06-03,0,55,0,0
2015-06-04,0,75,0,0
2015-06-05,32,78,0,0
2015-06-06,0,58,0,0
2015-06-07,0,54,0,0
2015-06-08,35,69,0,0
2015-06-09,0,59,0,0
2015-06-10,0,62,0,0
2015-06-11,40,39,0,0
2015-06-12,0,58,0,0
2015-06-13,0,58,0,0
2015-06-14,54,99,0,0
2015-06-15,0,80,0,0
2015-06-16,0,69,0,0
2015-06-17,0,62,0,0
2015-06-18,0,79,0,0
2015-06-19,0,67,0,0
2015-06-20,0,57,0,0
2015-06-21,0,100,0,0
2015-06-22,38,96,0,0
2015-06-23,0,48,0,0
2015-06-24,34,72,0,0
2015-06-25,0,48,0,0
2015-06-26,0,28,0,0
2015-06-27,0,41,0,0
2015-06-28,0,47,0,0
2015-06-29,0,81,0,0
2015-06-30,0,69,0,0
2015-07-01,0,64,0,0
2015-07-02,24,54,0,0
2015-07-03,0,69,0,0
2015-07-04,0,85,0,0
2015-07-05,0,86,0,0
2015-07-06,0,93,0,0
2015-07-07,0,84,0,0
2015-07-08,22,65,0,0
2015-07-09,0,50,0,0
2015-07-10,0,63,0,0
2015-07-11,0,78,0,0
2015-07-12,0,76,0,0
2015-07-13,0,79,0,0
2015-07-14,0,87,0,0
2015-07-15,0,76,0,0
2015-07-16,0,74,0,0
2015-07-17,0,57,0,0
2015-07-18,0,52,0,0
2015-07-19,0,98,0,0
2015-07-20,0,76,0,0
2015-07-21,0,91,0,0
2015-07-22,0,54,0,0
2015-07-23,0,78,0,0
2015-07-24,0,87,0,0
2015-07-25,0,63,0,0
2015-07-26,0,90,0,0
2015-07-27,0,58,0,0
2015-07-28,0,60,0,0
2015-07-29,0,81,0,0
2015-07-30,0,78,0,0
2015-07-31,0,74,0,0
2015-08-01,0,64,0,0
2015-08-02,0,98,0,0
2015-08-03,0,100,0,0
2015-08-04,0,84,0,0
2015-08-05,0,80,0,0
2015-08-06,0,79,0,0
2015-08-07,0,83,0,0
2015-08-08,0,75,0,0
2015-08-09,0,87,0,0
2015-08-10,0,83,0,0
2015-08-11,0,94,0,0
2015-08-12,0,57,0,0
2015-08-13,0,73,0,0
2015-08-14,0,57,0,0
2015-08-15,0,89,0,0
2015-08-16,0,58,0,0
2015-08-17,0,81,0,0
2015-08-18,0,65,0,0
2015-08-19,0,47,0,0
2015-08-20,0,66,0,0
2015-08-21,0,78,0,0
2015-08-22,0,55,0,0
2015-08-23,0,62,0,0
2015-08-24,0,51,0,0
2015-08-25,30,95,0,0
2015-08-26,0,66,0,0
2015-08-27,0,76,0,0
2015-08-28,0,66,0,0
2015-08-29,0,56,0,0
2015-08-30,0,100,0,0
2015-08-31,0,72,0,0
2015-09-01,29,71,0,0
2015-09-02,0,54,0,0
2015-09-03,0,54,0,0
2015-09-04,0,60,0,0
2015-09-05,0,80,0,0
2015-09-06,0,79,0,0
2015-09-07,0,0,0,0
2015-09-08,0,56,0,0
2015-09-09,0,43,0,0
2015-09-10,0,34,0,0
2015-09-11,0,0,0,0
2015-09-12,0,0,0,0
2015-09-13,0,0,0,0
2015-09-14,0,0,0,0
2015-09-15,0,36,0,0
2015-09-16,0,39,0,0
2015-09-17,0,30,0,0
2015-09-18,0,0,0,0
2015-09-19,0,0,0,0
2015-09-20,0,0,0,0
2015-09-21,0,48,0,0
2015-09-22,0,28,0,0
2015-09-23,0,41,0,0
2015-09-24,0,0,0,0
2015-09-25,0,0,0,0
2015-09-26,0,0,0,0
2015-09-27,0,51,0,0
2015-09-28,0,0,0,0
2015-09-29,0,0,0,0
2015-09-30,0,0,0,0
2015-10-01,0,43,0,0
2015-10-02,0,0,0,0
2015-10-03,0,0,0,0
2015-10-04,0,0,0,0
2015-10-05,0,27,0,0
2015-10-06,0,0,0,0
2015-10-07,0,0,0,0
2015-10-08,0,34,0,0
2015-10-09,0,0,0,0
2015-10-10,0,0,0,0
2015-10-11,0,0,0,0
2015-10-12,0,0,0,0
2015-10-13,0,0,0,0
2015-10-14,0,0,0,0
2015-10-15,0,0,0,0
2015-10-16,0,0,0,0
2015-10-17,0,0,0,0
2015-10-18,0,0,0,0
2015-10-19,0,30,0,0
2015-10-20,0,0,0,0
2015-10-21,0,0,0,0
2015-10-22,0,0,0,0
2015-10-23,0,0,0,0
2015-10-24,0,0,0,0
2015-10-25,0,0,0,0
2015-10-26,0,0,0,0
2015-10-27,0,0,0,0
2015-10-28,0,83,0,0
2015-10-29,0,0,0,0
2015-10-30,0,0,0,0
2015-10-31,0,100,0,0
2015-11-01,0,0,0,0
2015-11-02,0,61,0,0
2015-11-03,0,0,0,0
2015-11-04,0,67,0,0
2015-11-05,0,0,0,0
2015-11-06,0,0,0,0
2015-11-07,0,0,0,0
2015-11-08,0,0,0,0
2015-11-09,0,95,0,0
2015-11-10,0,0,0,0
2015-11-11,0,0,0,0
2015-11-12,0,0,0,0
2015-11-13,0,0,0,0
2015-11-14,0,0,0,0
2015-11-15,0,0,0,0
2015-11-16,0,0,0,0
2015-11-17,0,0,0,0
2015-11-18,0,0,0,0
2015-11-19,0,0,0,0
2015-11-20,0,0,0,0
2015-11-21,0,0,0,0
2015-11-22,0,0,0,0
2015-11-23,0,0,0,0
2015-11-24,0,0,0,0
2015-11-25,0,0,0,0
2015-11-26,0,0,0,0
2015-11-27,0,0,0,0
2015-11-28,0,0,0,0
2015-11-29,0,0,0,0
2015-11-30,0,0,0,0
2015-12-01,0,0,0,0
2015-12-02,0,0,0,0
2015-12-03,0,0,0,0
2015-12-04,0,0,0,0
2015-12-05,0,0,0,0
2015-12-06,0,0,0,0
2015-12-07,0,0,0,0
2015-12-08,0,0,0,0
2015-12-09,0,0,0,0
2015-12-10,0,61,0,0
2015-12-11,0,0,0,0
2015-12-12,0,0,0,0
2015-12-13,0,0,0,0
2015-12-14,0,0,0,0
2015-12-15,61,0,0,0
2015-12-16,0,0,0,0
2015-12-17,0,0,0,0
2015-12-18,0,0,0,0
2015-12-19,0,0,0,0
2015-12-20,0,0,0,0
2015-12-21,0,0,0,0
2015-12-22,0,95,0,0
2015-12-23,0,0,0,0
2015-12-24,0,0,0,0
2015-12-25,0,0,0,0
2015-12-26,0,0,0,0
2015-12-27,0,70,0,0
2015-12-28,0,0,0,0
2015-12-29,0,0,0,0
2015-12-30,0,62,0,0
2015-12-31,0,0,0,0
2016-01-01,0,0,0,0
2016-01-02,0,0,0,0
2016-01-03,0,0,0,0
2016-01-04,0,0,0,0
2016-01-05,0,0,0,0
2016-01-06,0,54,0,0
2016-01-07,0,0,0,0
2016-01-08,0,0,0,0
2016-01-09,0,0,0,0
2016-01-10,0,0,0,0
2016-01-11,0,0,0,0
2016-01-12,0,0,0,0
2016-01-13,0,53,0,0
2016-01-14,0,47,0,0
2016-01-15,52,0,0,0
2016-01-16,0,0,0,0
2016-01-17,0,0,0,0
2016-01-18,0,46,0,0
2016-01-19,0,0,0,0
2016-01-20,0,50,0,0
2016-01-21,0,48,0,0
2016-01-22,0,84,0,0
2016-01-23,0,59,0,0
2016-01-24,0,0,0,0
2016-01-25,0,63,0,0
2016-01-26,0,0,0,0
2016-01-27,0,58,0,0
2016-01-28,0,79,0,0
2016-01-29,0,0,0,0
2016-01-30,0,0,0,0
2016-01-31,0,75,0,0
2016-02-01,0,55,0,0
2016-02-02,0,0,0,0
2016-02-03,0,100,0,0
2016-02-04,0,53,0,0
2016-02-05,0,52,0,0
2016-02-06,0,0,0,0
2016-02-07,0,96,0,0
2016-02-08,0,90,0,0
2016-02-09,0,79,0,0
2016-02-10,0,53,0,0
2016-02-11,0,0,0,0
2016-02-12,0,46,0,0
2016-02-13,0,79,0,0
2016-02-14,0,0,0,0
2016-02-15,0,60,0,0
2016-02-16,0,0,0,0
2016-02-17,0,0,0,0
2016-02-18,0,63,0,0
2016-02-19,0,0,0,0
2016-02-20,0,0,0,0
2016-02-21,0,70,0,0
2016-02-22,0,64,0,0
2016-02-23,0,58,0,0
2016-02-24,0,54,0,0
2016-02-25,0,0,0,0
2016-02-26,0,50,0,0
2016-02-27,0,48,0,0
2016-02-28,0,51,0,0
2016-02-29,0,40,0,0
2016-03-01,0,54,0,0
2016-03-02,0,53,0,0
2016-03-03,0,45,0,0
2016-03-04,0,45,0,0
2016-03-05,0,52,0,0
2016-03-06,0,62,0,0
2016-03-07,0,71,0,0
2016-03-08,0,59,0,0
2016-03-09,0,43,0,0
2016-03-10,0,0,0,0
2016-03-11,0,100,0,0
2016-03-12,0,0,0,0
2016-03-13,0,81,0,0
2016-03-14,0,50,0,0
2016-03-15,0,64,0,0
2016-03-16,0,56,0,0
2016-03-17,0,58,0,0
2016-03-18,0,41,0,0
2016-03-19,0,0,0,0
2016-03-20,0,67,0,0
2016-03-21,0,61,0,0
2016-03-22,0,64,0,0
2016-03-23,0,61,0,0
2016-03-24,0,80,0,0
2016-03-25,0,0,0,0
2016-03-26,0,48,0,0
2016-03-27,0,52,0,0
2016-03-28,46,69,0,0
2016-03-29,0,66,0,0
2016-03-30,0,76,0,0
2016-03-31,0,72,0,0
2016-04-01,0,0,0,0
2016-04-02,49,59,0,0
2016-04-03,0,50,0,0
2016-04-04,0,63,0,0
2016-04-05,0,58,0,0
2016-04-06,41,0,0,0
2016-04-07,0,66,0,0
2016-04-08,0,74,0,0
2016-04-09,0,100,0,0
2016-04-10,0,73,0,0
2016-04-11,0,83,0,0
2016-04-12,0,69,0,0
2016-04-13,0,39,0,0
2016-04-14,0,82,0,0
2016-04-15,0,64,0,0
2016-04-16,0,67,0,0
2016-04-17,0,77,0,0
2016-04-18,0,65,0,0
2016-04-19,0,53,0,0
2016-04-20,0,63,0,0
2016-04-21,0,69,0,0
2016-04-22,0,46,0,0
2016-04-23,0,71,0,0
2016-04-24,0,0,0,0
2016-04-25,0,63,0,0
2016-04-26,0,66,0,0
2016-04-27,0,66,0,0
2016-04-28,0,0,0,0
2016-04-29,0,0,0,0
2016-04-30,0,55,0,0
2016-05-01,0,0,0,0
2016-05-02,0,40,0,0
2016-05-03,0,0,0,0
2016-05-04,0,39,0,0
2016-05-05,0,46,0,0
2016-05-06,0,47,0,0
2016-05-07,0,59,0,0
2016-05-08,0,49,0,0
2016-05-09,0,43,0,0
2016-05-10,0,40,0,0
2016-05-11,0,57,0,0
2016-05-12,0,52,0,0
2016-05-13,0,36,0,0
2016-05-14,0,0,0,0
2016-05-15,0,49,0,0
2016-05-16,0,59,0,0
2016-05-17,0,82,0,0
2016-05-18,0,35,0,0
2016-05-19,0,56,0,0
2016-05-20,0,76,0,0
2016-05-21,0,53,0,0
2016-05-22,0,87,0,0
2016-05-23,0,77,0,0
2016-05-24,0,67,0,0
2016-05-25,0,71,0,0
2016-05-26,0,72,0,0
2016-05-27,0,65,0,0
2016-05-28,0,42,0,0
2016-05-29,0,62,0,0
2016-05-30,0,86,0,0
2016-05-31,0,37,0,0
2016-06-01,0,72,0,0
2016-06-02,0,90,0,0
2016-06-03,0,56,0,0
2016-06-04,0,89,0,0
2016-06-05,0,82,0,0
2016-06-06,0,74,0,0
2016-06-07,0,80,0,0
2016-06-08,0,56,0,0
2016-06-09,0,65,0,0
2016-06-10,0,91,0,0
2016-06-11,0,79,0,0
2016-06-12,0,83,0,0
2016-06-13,0,96,0,0
2016-06-14,0,67,0,0
2016-06-15,0,63,0,0
2016-06-16,36,100,0,0
2016-06-17,0,66,0,0
2016-06-18,0,74,0,0
2016-06-19,0,95,0,0
2016-06-20,0,87,0,0
2016-06-21,0,90,48,0
2016-06-22,0,86,0,0
2016-06-23,0,69,0,0
2016-06-24,0,57,0,0
2016-08-25,0,57,0,0
2016-08-26,0,47,0,0
2016-08-27,0,57,0,0
2016-08-28,0,65,38,0
2016-08-29,0,45,0,0
2016-08-30,0,64,0,0
2016-08-31,0,94,0,0
2016-09-01,0,0,0,0
2016-09-02,0,47,0,0
2016-09-03,0,80,0,0
2016-09-04,0,52,0,0
2016-09-05,0,64,0,0
2016-09-06,0,58,0,0
2016-09-07,0,0,0,0
2016-09-08,0,100,0,0
2016-09-09,0,42,0,0
2016-09-10,0,38,0,0
2016-09-11,0,63,0,0
2016-09-12,0,35,0,0
2016-09-13,0,39,0,0
2016-09-14,0,0,0,0
2016-09-15,0,0,0,0
2016-09-16,0,41,0,0
2016-09-17,0,0,0,0
2016-09-18,0,64,0,0
2016-09-19,0,0,0,0
2016-09-20,0,0,0,0
2016-09-21,0,0,0,0
2016-09-22,0,0,0,0
2016-09-23,0,38,0,0
2016-09-24,0,0,0,0
2016-09-25,0,50,0,0
2016-09-26,0,40,0,0
2016-09-27,0,0,0,0
2016-09-28,0,31,0,0
2016-09-29,0,40,0,0
2016-09-30,0,31,0,0
2016-10-01,0,37,0,0
2016-10-02,0,0,0,0
2016-10-03,0,38,0,0
2016-10-04,0,32,0,0
2016-10-05,0,0,0,0
2016-10-06,0,30,0,0
2016-10-07,0,0,0,0
2016-10-08,0,42,0,0
2016-10-09,0,0,0,0
2016-10-10,0,31,0,0
2016-10-11,0,0,0,0
2016-10-12,0,0,0,0
2016-10-13,0,0,0,0
2016-10-14,0,0,0,0
2016-10-15,0,0,0,0
2016-10-16,0,0,0,0
2016-10-17,0,0,0,0
2016-10-18,0,0,0,0
2016-10-19,0,0,0,0
2016-10-20,0,0,0,0
2016-10-21,0,38,0,0
2016-10-22,0,46,0,0
2016-10-23,0,33,0,0
2016-10-24,0,0,0,0
2016-10-25,0,0,0,0
2016-10-26,0,55,0,0
2016-10-27,0,0,0,0
2016-10-28,0,43,0,0
2016-10-29,0,0,0,0
2016-10-30,0,0,0,0
2016-10-31,0,0,0,0
2016-11-01,0,0,0,0
2016-11-02,0,0,0,0
2016-11-03,0,0,0,0
2016-11-04,0,0,0,0
2016-11-05,0,0,0,0
2016-11-06,0,0,0,0
2016-11-07,0,0,0,0
2016-11-08,0,0,0,0
2016-11-09,0,0,0,0
2016-11-10,0,0,0,0
2016-11-11,0,0,0,0
2016-11-12,0,58,0,0
2016-11-13,0,0,0,0
2016-11-14,0,0,0,0
2016-11-15,0,0,0,0
2016-11-16,0,0,0,0
2016-11-17,0,0,0,0
2016-11-18,0,0,0,0
2016-11-19,0,0,0,0
2016-11-20,0,0,0,0
2016-11-21,0,0,0,0
2016-11-22,0,51,0,0
2016-11-23,0,0,0,0
2016-11-24,0,0,0,0
2016-11-25,0,0,0,0
2016-11-26,0,0,0,0
2016-11-27,0,0,0,0
2016-11-28,0,0,0,0
2016-11-29,0,0,0,0
2016-11-30,0,0,0,0
2016-12-01,0,0,0,0
2016-12-02,0,0,0,0
2016-12-03,0,62,0,0
2016-12-04,0,0,0,0
2016-12-05,0,43,0,0
2016-12-06,0,0,0,0
2016-12-07,0,0,0,0
2016-12-08,0,0,0,0
2016-12-09,0,0,0,0
2016-12-10,0,0,0,0
2016-12-11,0,0,0,0
2016-12-12,0,0,0,0
2016-12-13,0,46,0,0
2016-12-14,0,0,0,0
2016-12-15,0,0,0,0
2016-12-16,0,0,0,0
2016-12-17,0,0,0,0
2016-12-18,0,0,0,0
2016-12-19,0,42,0,0
2016-12-20,0,0,0,0
2016-12-21,0,0,0,0
2016-12-22,0,0,0,0
2016-12-23,0,100,0,0
2016-12-24,0,0,0,0
2016-12-25,0,0,0,0
2016-12-26,0,61,0,0
2016-12-27,0,89,0,0
2016-12-28,0,0,0,0
2016-12-29,0,0,0,0
2016-12-30,0,0,0,0
2016-12-31,0,0,0,0
2017-01-01,0,0,0,0
2017-01-02,0,62,0,0
2017-01-03,0,0,0,0
2017-01-04,0,0,0,0
2017-01-05,0,0,0,0
2017-01-06,0,0,0,0
2017-01-07,0,0,0,0
2017-01-08,0,67,0,0
2017-01-09,0,72,0,0
2017-01-10,0,51,0,0
2017-01-11,0,0,0,0
2017-01-12,0,0,0,0
2017-01-13,0,0,0,0
2017-01-14,0,0,0,0
2017-01-15,0,0,0,0
2017-01-16,0,0,0,0
2017-01-17,0,72,0,0
2017-01-18,0,0,0,0
2017-01-19,0,0,0,0
2017-01-20,0,0,0,0
2017-01-21,0,0,0,0
2017-01-22,0,0,0,0
2017-01-23,0,58,0,0
2017-01-24,0,0,0,0
2017-01-25,0,84,0,0
2017-01-26,0,66,0,0
2017-01-27,0,68,0,0
2017-01-28,0,0,0,0
2017-01-29,0,74,0,0
2017-01-30,0,0,0,0
2017-01-31,0,88,0,0
2017-02-01,0,99,0,0
2017-02-02,0,86,0,0
2017-02-03,0,57,0,0
2017-02-04,0,0,0,0
2017-02-05,0,81,0,0
2017-02-06,0,91,0,0
2017-02-07,0,68,0,0
2017-02-08,0,57,0,0
2017-02-09,0,91,0,0
2017-02-10,0,71,0,0
2017-02-11,0,0,0,0
2017-02-12,0,84,0,0
2017-02-13,0,90,0,0
2017-02-14,0,70,0,0
2017-02-15,0,63,0,0
2017-02-16,0,0,0,0
2017-02-17,0,100,0,0
2017-02-18,0,80,0,0
2017-02-19,0,87,0,0
2017-02-20,0,0,0,0
2017-02-21,0,93,0,0
2017-02-22,0,79,0,0
2017-02-23,0,51,0,0
2017-02-24,0,0,0,0
2017-02-25,0,46,0,0
2017-02-26,0,48,0,0
2017-02-27,0,43,0,0
2017-02-28,0,39,0,0
2017-03-01,0,44,0,0
2017-03-02,0,55,0,0
2017-03-03,0,0,0,0
2017-03-04,0,59,0,0
2017-03-05,0,44,0,0
2017-03-06,0,53,0,0
2017-03-07,0,0,0,0
2017-03-08,0,45,0,0
2017-03-09,0,40,0,0
2017-03-10,0,57,0,0
2017-03-11,0,47,0,0
2017-03-12,0,60,0,0
2017-03-13,0,37,0,0
2017-03-14,0,54,0,0
2017-03-15,0,44,0,0
2017-03-16,0,46,0,0
2017-03-17,0,45,0,0
2017-03-18,0,57,0,0
2017-03-19,0,58,0,0
2017-03-20,0,59,0,0
2017-03-21,32,49,0,0
2017-03-22,0,38,0,0
2017-03-23,0,47,0,0
2017-03-24,0,57,0,0
2017-03-25,0,84,0,0
2017-03-26,0,70,0,0
2017-03-27,0,50,0,0
2017-03-28,0,77,0,0
2017-03-29,0,64,0,0
2017-03-30,0,50,0,0
2017-03-31,0,54,0,0
2017-04-01,0,40,0,0
2017-04-02,0,55,0,0
2017-04-03,0,60,0,0
2017-04-04,0,75,0,0
2017-04-05,32,42,0,0
2017-04-06,0,81,0,0
2017-04-07,0,0,0,0
2017-04-08,0,100,0,0
2017-04-09,0,0,0,0
2017-04-10,0,75,0,0
2017-04-11,0,67,0,0
2017-04-12,0,63,0,0
2017-04-13,0,67,0,0
2017-04-14,0,77,0,0
2017-04-15,0,57,0,50
2017-04-16,0,0,0,0
2017-04-17,0,61,0,0
2017-04-18,0,82,0,0
2017-04-19,0,39,0,0
2017-04-20,0,58,0,0
2017-04-21,0,84,0,0
2017-04-22,0,49,0,0
2017-04-23,0,56,0,0
2017-04-24,0,76,0,0
2017-04-25,0,72,0,0
2017-04-26,0,85,0,0
2017-04-27,0,0,0,0
2017-04-28,0,54,0,0
2017-04-29,0,45,0,0
2017-04-30,0,61,0,0
2017-05-01,0,57,0,0
2017-05-02,0,70,0,0
2017-05-03,0,57,0,0
2017-05-04,0,0,0,0
2017-05-05,0,37,0,0
2017-05-06,0,0,0,0
2017-05-07,0,73,0,0
2017-05-08,0,65,0,0
2017-05-09,0,52,0,0
2017-05-10,0,68,0,0
2017-05-11,0,60,0,0
2017-05-12,0,0,0,0
2017-05-13,0,0,0,0
2017-05-14,0,59,0,0
2017-05-15,0,45,0,0
2017-05-16,0,54,0,0
2017-05-17,0,100,0,0
2017-05-18,0,64,0,0
2017-05-19,0,0,0,0
2017-05-20,0,0,0,66
2017-05-21,0,83,0,0
2017-05-22,0,41,0,0
2017-05-23,0,48,0,0
2017-05-24,0,62,0,0
2017-05-25,0,67,0,0
2017-05-26,0,65,0,0
2017-05-27,0,59,0,0
2017-05-28,67,83,0,0
2017-05-29,0,67,0,0
2017-05-30,0,50,0,0
2017-05-31,0,67,0,0
2017-06-01,0,67,0,0
2017-06-02,0,85,0,0
2017-06-03,0,77,0,0
2017-06-04,0,63,0,0
2017-06-05,40,57,0,0
2017-06-06,0,74,0,0
2017-06-07,36,91,0,0
2017-06-08,0,83,0,0
2017-06-09,0,84,0,0
2017-06-10,0,51,0,0
2017-06-11,0,92,0,0
2017-06-12,0,70,0,0
2017-06-13,0,86,0,0
2017-06-14,39,81,0,0
2017-06-15,0,98,0,0
2017-06-16,39,94,0,0
2017-06-17,0,78,0,0
2017-06-18,0,86,0,0
2017-06-19,0,64,0,0
2017-06-20,0,55,0,0
2017-06-21,0,55,0,0
2017-06-22,63,56,0,0
2017-06-23,0,71,0,0
2017-06-24,0,75,0,0
2017-06-25,0,96,0,0
2017-06-26,24,85,0,0
2017-06-27,0,56,0,0
2017-06-28,0,44,0,0
2017-06-29,0,69,0,0
2017-06-30,0,70,0,0
2017-07-01,0,37,0,0
2017-07-02,0,92,0,0
2017-07-03,0,58,0,0
2017-07-04,0,80,0,0
2017-07-05,0,69,0,0
2017-07-06,0,64,0,0
2017-07-07,0,63,0,0
2017-07-08,0,74,0,0
2017-07-09,0,100,0,0
2017-07-10,0,47,0,0
2017-07-11,0,78,0,0
2017-07-12,40,64,0,0
2017-07-13,0,53,0,0
2017-07-14,0,76,0,0
2017-07-15,0,87,34,0
2017-07-16,0,98,0,0
2017-07-17,0,61,0,0
2017-07-18,0,73,0,0
2017-07-19,0,62,0,0
2017-07-20,0,77,0,0
2017-07-21,0,67,0,0
2017-07-22,0,89,0,0
2017-07-23,0,87,0,0
2017-07-24,0,70,0,0
2017-07-25,0,77,0,0
2017-07-26,0,70,0,0
2017-07-27,0,53,0,0
2017-07-28,0,51,0,0
2017-07-29,0,73,0,0
2017-07-30,34,90,0,0
2017-07-31,0,73,0,0
2017-08-01,0,47,0,0
2017-08-02,0,73,0,0
2017-08-03,0,64,0,0
2017-08-04,0,41,0,0
2017-08-05,0,80,0,0
2017-08-06,0,83,0,0
2017-08-07,0,88,0,0
2017-08-08,0,49,0,0
2017-08-09,0,71,0,0
2017-08-10,0,54,0,0
2017-08-11,0,68,0,0
2017-08-12,0,97,0,0
2017-08-13,0,70,0,0
2017-08-14,0,57,0,0
2017-08-15,0,42,0,0
2017-08-16,0,81,0,0
2017-08-17,0,56,0,0
2017-08-18,0,70,0,0
2017-08-19,0,77,0,0
2017-08-20,0,63,0,0
2017-08-21,0,71,0,0
2017-08-22,0,58,0,0
2017-08-23,0,67,0,0
2017-08-24,0,47,0,0
2017-08-25,0,58,0,0
2017-08-26,0,0,0,0
2017-08-27,0,100,0,0
2017-08-28,0,72,0,0
2017-08-29,0,76,0,0
2017-08-30,0,84,0,0
2017-08-31,0,59,0,0
2017-09-01,0,97,0,0
